{
  "accuracy": 0.9866888519134775,
  "classification_report": {
    "ham": {
      "precision": 0.9842829076620825,
      "recall": 1.0,
      "f1-score": 0.9920792079207921,
      "support": 501.0
    },
    "spam": {
      "precision": 1.0,
      "recall": 0.92,
      "f1-score": 0.9583333333333334,
      "support": 100.0
    },
    "accuracy": 0.9866888519134775,
    "macro avg": {
      "precision": 0.9921414538310412,
      "recall": 0.96,
      "f1-score": 0.9752062706270628,
      "support": 601.0
    },
    "weighted avg": {
      "precision": 0.9868980644570772,
      "recall": 0.9866888519134775,
      "f1-score": 0.9864642537465061,
      "support": 601.0
    }
  },
  "confusion_matrix": [
    [
      501,
      0
    ],
    [
      8,
      92
    ]
  ],
  "labels": [
    "ham",
    "spam"
  ],
  "test_samples": 601,
  "model_type": "svm",
  "dataset_path": "data/datasets/spamassassin",
  "training_samples": 2401
}